num_tokens,expert_num,topk,flux_time,tutel_time,fastermoe_time,megatron_time_te,megatron_time_wo_te
4096,8,2,0.9442569732666015,1.9292221069335938,2.0699964904785157,3.169320373535156,2.27228515625
8192,8,2,1.4935769653320312,2.373492431640625,2.5021087646484377,3.8961618041992185,2.9805950927734375
4096,8,2,1.41565185546875,2.3147789001464845,2.4810054016113283,3.8061642456054687,3.222825012207031
